h3rate,season,temperature,ab_humidity
3.726306056,2008,23.1,15.954
4.781594401,2009,23.5,16.322
5.657740039,2010,23.2,16.671
2.132537688,2011,23,15.657
10.42128097,2012,23.4,17.073
3.678158553,2013,23.3,16.347
3.722353069,2014,23.5,16.534
11.51014021,2015,24.2,17.425
3.566506751,2016,23.6,17.268
10.11957927,2017,23.9,16.914
0.84425492,2018,23.9,16.697
2.830919161,2019,24.6,18.68506694
0.67053352,2020,24.4,17.3619966
