"","repeat1","repeat2","repeat3","repeat4","repeat5","repeat6","repeat7","repeat8","repeat9","repeat10"
"2012",13.9510416666667,6.74166666666667,5.89861111111111,6.58680555555556,7.29652777777778,5.42361111111111,5.89861111111111,5.89861111111111,5.89861111111111,5.89861111111111
"2013",12.7788443984559,7.53938511225386,10.6519512033669,11.3423669816185,9.78252268071408,8.81339158548992,10.110217226194,8.39205457307301,10.1319656270468,9.78252268071408
"2014",11.5521602961819,5.00823771549831,5.88854996210156,5.85610709116496,9.6467013798764,4.95152195505988,7.81033351284144,10.6295357621051,6.60632217644635,10.4763360269712
"2015",1.86714151689384,1.86714151689384,1.86714151689384,2.33579389650597,5.41521544502969,1.86714151689384,3.61632959403857,2.34950832964765,3.5699489365124,2.74334619972391
"2016",4.80200819495401,5.77858847779862,5.77895038256052,5.11821792373679,9.67133557052015,7.48621918016665,5.7849027635129,5.78604471224572,5.7783195932585,7.7377174182553
"2017",3.69927068160598,9.26276110444178,4.66815499533147,12.9707235427504,7.41197876483927,2.77312655728958,9.26770228091237,4.65518852874483,3.7152824729892,3.72413401360544
"2018",5.78236802220699,7.83651779184135,8.71708576758081,7.72853396701226,7.73041900792467,9.69264045241758,8.81731568270068,9.69262292605172,5.78236802220699,5.78236802220699
"2019",5.36099155878334,5.36099155878334,6.113090400889,11.1104636789929,6.43989716238481,6.113090400889,6.25885543324829,5.36099155878334,5.36099155878334,8.06861002468583
"2020",10.256957355467,11.0758762149505,11.3469069941356,5.6994091334982,5.6994091334982,10.1169530332324,11.1004641172676,9.13030007970791,10.6792572155808,10.1055158538099
